district,district_key,zone,region,households,population,male_population,female_population,sex_ratio,area_km2,pop_density,literacy_rate,female_literacy_rate,male_literacy_rate,electricity_lighting_pct,flush_toilet_pct,improved_water_pct,school_attendance_pct,mobile_phone_hh_pct,internet_hh_pct,lpg_cooking_pct,wood_cooking_pct,vdc_count
Achham,ACHHAM,Seti,Far-Western,48318,256188,118775,137413,86.4,1700.3,150.7,55.43,42.87,70.39,18.45,33.06,60.23,69.56,33.71,0.11,0.4,98.28,75
Arghakhanchi,ARGHAKHANCHI,Lumbini,West,46826,196895,85550,111345,76.8,1239.5,158.8,72.47,65.79,81.59,59.42,34.98,80.38,76.56,70.97,0.46,5.55,93.45,42
Baglung,BAGLUNG,Dhaualagiri,,61482,266630,116395,150235,77.5,1835.9,145.2,71.67,65.2,80.32,81.72,55.25,89.33,73.94,68.13,1.17,10.45,88.54,60
Baitadi,BAITADI,Mahakali,Far-Western,45167,250225,116763,133462,87.5,1492.7,167.6,62.86,49.21,78.89,24.87,33.16,73.5,72.39,37.92,0.14,0.88,97.88,63
Bajhang,BAJHANG,Seti,Far-Western,33773,194701,92345,102356,90.2,3459.3,56.3,55.43,40.11,72.84,17.48,18.12,68.95,68.06,25.39,0.18,0.36,98.33,47
Bajura,BAJURA,Seti,Far-Western,24888,134154,65078,69076,94.2,2300.1,58.3,55.41,43.31,68.46,22.77,13.56,68.72,73.11,25.41,0.21,0.02,98.93,27
Banke,BANKE,Bheri,Mid-Western,94693,485164,239170,245994,97.2,1880.1,258.1,61.9,54.75,69.31,68.75,32.04,96.04,59.8,60.26,1.63,20.56,71.44,47
Bara,BARA,Narayani,Central,108600,685831,349452,336379,103.9,1272.2,539.1,51.81,40.66,62.54,68.3,17.09,96.31,55.01,61.53,0.47,4.71,67.23,99
Bardiya,BARDIYA,Bheri,Mid-Western,83147,423611,202320,221291,91.4,2000.3,211.8,65.16,57.92,73.19,62.58,19.8,98.09,70.53,61.82,0.49,4.39,87.64,32
Bhaktapur,BHAKTAPUR,Bagmati,Central,68557,298704,149695,149009,100.5,122.8,2432.3,81.34,72.57,90.16,97.78,86.25,88.71,73.58,86.92,13.08,69.23,25.19,18
Bhojpur,BHOJPUR,Koshi,East,39393,181225,84869,96356,88.1,1523.8,118.9,69.12,61.37,78.08,14.84,12.99,71.03,73.81,54.38,0.45,1.25,97.2,63
Chitawan,CHITAWAN,Narayani,Central,132345,569732,270615,299117,90.5,2239.9,254.4,76.61,70.52,83.44,85.93,73.82,92.19,71.82,79.82,7.2,39.7,49.06,38
Dadeldhura,DADELDHURA,Mahakali,Far-Western,27023,141004,65517,75487,86.8,1502.2,93.9,65.01,52.91,79.3,47.98,41.42,73.62,73.86,48.13,0.64,2.65,96.22,21
Dailekh,DAILEKH,Bheri,Mid-Western,48915,260855,126101,134754,93.6,1474.0,177.0,62.32,52.85,72.62,13.57,34.1,53.88,72.48,37.78,0.23,1.53,97.15,56
Dang,DANG,Rapti,Mid-Western,116347,548141,257091,291050,88.3,3002.4,182.6,70.1,62.73,78.6,64.62,45.47,68.01,71.02,70.76,0.98,14.06,76.35,41
Darchula,DARCHULA,Mahakali,Far-Western,24604,132484,62864,69620,90.3,2340.2,56.6,65.15,52.86,79.02,26.95,38.22,83.25,73.61,38.82,0.31,3.33,93.03,41
Dhading,DHADING,Bagmati,Central,73842,334292,156100,178192,87.6,1885.2,177.3,62.66,55.69,70.75,62.64,46.47,85.95,71.36,63.51,0.71,10.18,84.46,50
Dhankuta,DHANKUTA,Koshi,East,37616,161398,74647,86751,86.0,899.1,179.5,74.03,67.36,81.92,83.98,31.24,83.54,73.71,75.82,1.33,12.2,86.27,36
Dhanusa,DHANUSA,Janakpur,Central,138225,753682,377470,376212,100.3,1188.6,634.1,50.37,40.23,60.51,73.23,17.89,89.03,53.09,67.22,0.63,10.12,42.5,102
Dolakha,DOLAKHA,Janakpur,Central,45658,185099,85754,99345,86.3,2146.6,86.2,62.51,53.61,72.99,81.8,38.74,78.28,76.08,52.97,0.52,4.52,94.36,52
Dolpa,DOLPA,Karnali,Mid-Western,7466,36128,17681,18447,95.8,7944.2,4.5,53.31,40.56,66.7,23.04,33.39,64.92,59.92,44.45,0.52,0.08,89.02,23
Doti,DOTI,Seti,Far-Western,41383,207070,92978,114092,81.5,2050.7,101.0,55.23,42.12,72.01,30.2,25.45,66.07,67.81,34.04,0.44,2.73,95.98,51
Gorkha,GORKHA,Gandaki,West,66458,268942,119346,149596,79.8,3642.0,73.8,66.07,59.32,74.73,76.42,41.2,65.17,75.63,61.62,0.47,10.85,84.34,67
Gulmi,GULMI,Lumbini,West,64887,279005,119979,159026,75.4,1108.2,251.8,72.46,65.92,81.5,64.19,53.34,90.06,77.23,68.69,0.92,6.77,92.23,79
Humla,HUMLA,Karnali,Mid-Western,9437,49933,25077,24856,100.9,6008.8,8.3,46.77,32.56,60.78,31.36,27.38,70.03,64.48,38.68,0.68,0.03,98.32,27
Ilam,ILAM,Mechi,East,64477,287932,139089,148843,93.4,1685.1,170.9,77.73,72.0,83.92,65.54,33.82,79.03,71.8,69.24,0.72,5.85,90.23,49
Jajarkot,JAJARKOT,Bheri,Mid-Western,30468,170106,84364,85742,98.4,2221.8,76.6,56.92,48.68,65.34,4.02,17.44,56.47,71.31,22.1,0.06,0.22,98.93,30
Jhapa,JHAPA,Mechi,East,184384,807934,381068,426866,89.3,1603.8,503.7,74.97,68.61,82.2,82.1,44.11,95.63,70.52,73.66,2.29,22.69,58.9,50
Jumla,JUMLA,Karnali,Mid-Western,19291,107495,53596,53899,99.4,2554.3,42.1,53.98,40.7,67.37,29.32,33.47,80.18,66.46,46.09,0.4,0.59,98.58,30
Kailali,KAILALI,Seti,Far-Western,142413,766659,370623,396036,93.6,3286.1,233.3,65.9,56.92,75.63,70.49,32.09,94.14,69.22,65.77,1.3,6.8,85.91,44
Kalikot,KALIKOT,Karnali,Mid-Western,23008,136587,68489,68098,100.6,1650.1,82.8,56.71,45.72,67.74,11.62,20.15,58.98,72.74,29.6,0.09,1.08,97.98,30
Kanchanpur,KANCHANPUR,Mahakali,Far-Western,82134,448503,213383,235120,90.8,1617.7,277.2,70.47,61.01,81.09,75.19,34.42,96.88,72.22,64.3,1.01,7.73,82.02,20
Kapilbastu,KAPILBASTU,Lumbini,West,91264,569834,283639,286195,99.1,1650.4,345.3,54.74,44.94,64.69,63.73,23.67,95.6,55.83,51.56,0.49,7.29,54.31,78
Kaski,KASKI,Gandaki,West,125459,480952,228074,252878,90.2,2086.0,230.6,82.0,75.12,89.79,95.46,92.46,93.46,74.68,84.28,8.56,61.12,32.51,45
Kathmandu,KATHMANDU,Bagmati,Central,435544,1699289,879709,819580,107.3,414.2,4102.8,86.05,79.62,92.07,98.12,88.57,76.68,72.77,90.73,19.37,88.43,7.63,59
Kavrepalanchok,KAVREPALANCHOK,Bagmati,Central,80651,375221,177546,197675,89.8,1391.9,269.6,69.26,60.66,78.97,87.31,57.91,85.59,72.98,66.75,2.04,16.07,78.23,90
Khotang,KHOTANG,Sagarmatha,East,42647,205225,96069,109156,88.0,1589.7,129.1,68.66,61.07,77.42,31.09,14.97,80.03,76.24,40.99,0.3,0.71,98.14,76
Lalitpur,LALITPUR,Bagmati,Central,109505,457606,230910,226696,101.9,395.5,1157.1,82.25,74.46,89.94,96.59,83.59,79.28,71.9,86.24,16.34,77.18,17.86,42
Lamjung,LAMJUNG,Gandaki,West,42048,166150,74495,91655,81.3,1663.8,99.9,70.83,63.27,80.36,76.82,59.0,89.2,75.43,71.12,1.25,19.02,69.58,61
Mahottari,MAHOTTARI,Janakpur,Central,111298,625207,308732,316475,97.6,1000.9,624.7,46.22,36.54,56.2,63.2,15.41,90.62,51.44,51.0,0.22,3.0,56.36,77
Makwanpur,MAKWANPUR,Narayani,Central,86045,415601,202083,213518,94.6,2450.5,169.6,67.5,60.55,74.91,72.59,43.97,80.9,65.94,66.74,2.37,18.86,75.09,44
Manang,MANANG,Gandaki,West,1448,5827,3015,2812,107.2,2322.1,2.5,72.01,63.33,80.01,88.88,47.65,97.58,67.06,66.51,1.31,1.59,97.93,13
Morang,MORANG,Koshi,East,213870,959568,461893,497675,92.8,1822.6,526.5,70.46,63.06,78.52,75.8,40.96,97.27,67.88,67.81,2.61,23.27,44.9,66
Mugu,MUGU,Karnali,Mid-Western,9600,54832,27589,27243,101.3,3230.0,17.0,50.78,36.88,64.53,13.88,13.95,75.48,64.65,35.43,0.15,0.04,98.75,24
Mustang,MUSTANG,Dhaualagiri,,3305,11593,5771,5822,99.1,3564.8,3.3,61.33,52.29,70.41,71.2,41.82,91.71,54.15,71.2,1.45,18.12,54.01,16
Myagdi,MYAGDI,Dhaualagiri,,27727,112077,50034,62043,80.6,2285.5,49.0,71.5,64.38,80.6,68.63,52.33,87.93,73.31,61.1,1.74,12.12,86.55,41
Nawalparasi,NAWALPARASI,Lumbini,West,128760,638954,299638,339316,88.3,2152.2,296.9,70.55,62.7,79.6,80.93,46.58,91.92,70.06,76.64,1.93,17.03,70.99,74
Nuwakot,NUWAKOT,Bagmati,Central,59194,275775,131437,144338,91.1,1193.8,231.0,59.54,52.29,67.61,83.0,37.76,88.67,67.5,60.11,0.75,6.61,89.8,62
Okhaldhunga,OKHALDHUNGA,Sagarmatha,East,32466,146824,67577,79247,85.3,1076.2,136.4,64.14,55.99,73.89,41.71,18.26,84.57,72.87,42.84,0.47,1.54,97.0,56
Palpa,PALPA,Lumbini,West,59260,258893,114063,144830,78.8,1462.6,177.0,76.03,69.43,84.68,72.98,54.97,81.34,76.16,75.7,2.35,14.99,80.45,66
Panchthar,PANCHTHAR,Mechi,East,41176,190491,88910,101581,87.5,1247.9,152.6,72.38,65.77,80.05,27.87,22.82,73.19,75.78,59.17,0.57,5.75,92.08,41
Parbat,PARBAT,Dhaualagiri,,35698,145667,64430,81237,79.3,541.6,269.0,73.78,66.38,83.41,80.16,65.19,83.21,77.12,75.99,1.41,12.56,86.25,55
Parsa,PARSA,Narayani,Central,95516,597769,309472,288297,107.3,1406.5,425.0,55.71,43.82,66.73,72.24,25.46,95.69,54.15,59.88,1.48,15.67,65.75,83
Pyuthan,PYUTHAN,Rapti,Mid-Western,47716,226796,98825,127971,77.2,1321.1,171.7,66.81,58.61,77.89,53.63,42.1,79.95,72.35,54.86,0.51,3.34,95.12,49
Ramechhap,RAMECHHAP,Janakpur,Central,43883,201423,92183,109240,84.4,1564.5,128.7,62.02,53.47,72.3,45.51,39.31,82.05,74.89,50.15,0.25,2.42,95.44,55
Rasuwa,RASUWA,Bagmati,Central,9741,42133,20498,21635,94.7,1522.6,27.7,52.33,46.04,59.02,71.46,37.02,87.98,72.66,56.09,0.85,8.26,89.58,18
Rautahat,RAUTAHAT,Narayani,Central,106652,686059,350448,335611,104.4,1036.1,662.2,41.65,32.02,50.82,46.57,10.9,95.52,43.63,47.0,0.24,2.12,54.26,97
Rolpa,ROLPA,Rapti,Mid-Western,43735,221177,100301,120876,83.0,1885.2,117.3,59.34,50.25,70.65,21.48,14.47,77.51,67.2,47.02,0.29,2.18,96.96,51
Rukum,RUKUM,Rapti,Mid-Western,41837,207290,97964,109326,89.6,2896.9,71.6,61.83,53.88,70.84,14.77,12.96,74.07,73.24,36.91,0.17,1.44,97.73,43
Rupandehi,RUPANDEHI,Lumbini,West,163835,874566,427361,447205,95.6,1304.7,670.3,69.59,60.72,78.99,80.61,44.0,97.69,64.59,77.34,3.02,34.22,34.34,71
Salyan,SALYAN,Rapti,Mid-Western,46524,241716,115253,126463,91.1,1936.8,124.8,63.93,55.17,73.71,14.53,17.64,60.32,71.8,45.0,0.31,1.48,97.04,47
Sankhuwasabha,SANKHUWASABHA,Koshi,East,34615,158222,74717,83505,89.5,3470.7,45.6,69.27,62.19,77.3,52.58,15.54,68.89,70.99,61.81,0.78,4.13,94.62,34
Saptari,SAPTARI,Sagarmatha,East,121064,637844,312567,325277,96.1,1281.1,497.9,54.39,42.54,66.85,41.92,12.83,96.29,59.13,51.13,0.31,4.14,34.04,115
Sarlahi,SARLAHI,Janakpur,Central,132803,769330,389426,379904,102.5,1264.4,608.5,46.27,36.59,55.72,46.58,17.46,89.96,49.69,49.26,0.37,3.97,64.49,100
Sindhuli,SINDHULI,Janakpur,Central,57544,293173,139401,153772,90.7,2482.0,118.1,60.11,52.01,69.19,37.87,22.28,67.15,68.95,45.19,0.41,5.0,90.96,54
Sindhupalchok,SINDHUPALCHOK,Bagmati,Central,66635,285770,136663,149107,91.7,2488.7,114.8,59.3,51.78,67.58,88.28,35.32,81.84,68.67,59.34,0.59,5.94,92.15,79
Siraha,SIRAHA,Sagarmatha,East,117929,635627,308511,327116,94.3,1138.7,558.2,50.06,39.18,61.74,67.27,13.29,90.07,56.68,56.43,0.32,3.53,36.59,108
Solukhumbu,SOLUKHUMBU,Sagarmatha,East,23758,105119,50571,54548,92.7,3354.7,31.3,64.02,55.66,73.1,62.79,22.32,89.21,70.66,44.39,0.69,0.38,95.54,34
Sunsari,SUNSARI,Koshi,East,162279,753244,362551,390693,92.8,1191.8,632.0,68.04,60.33,76.44,81.72,42.67,96.83,65.93,69.49,1.99,28.95,35.73,52
Surkhet,SURKHET,Bheri,Mid-Western,72830,343318,162672,180646,90.1,2486.4,138.1,72.51,64.79,81.26,43.55,43.05,66.24,71.32,59.5,1.03,12.51,85.3,51
Syangja,SYANGJA,Gandaki,West,68856,288100,124871,163229,76.5,1037.9,277.6,76.53,69.55,85.96,86.52,54.07,86.71,78.89,79.67,1.86,14.17,82.09,62
Tanahu,TANAHU,Gandaki,West,78286,320547,140860,179687,78.4,1572.2,203.9,74.62,67.92,83.39,77.09,63.59,80.76,73.03,74.7,1.53,22.32,67.87,47
Taplejung,TAPLEJUNG,Mechi,East,26306,125718,59262,66456,89.2,3632.0,34.6,71.04,64.1,78.94,25.03,18.08,90.69,73.83,59.04,0.47,3.23,95.5,49
Terhathum,TERHATHUM,Koshi,East,22084,100833,46452,54381,85.4,670.5,150.4,74.43,67.02,83.28,67.17,25.41,78.61,74.02,68.5,0.73,4.9,94.15,32
Udayapur,UDAYAPUR,Sagarmatha,East,66514,315429,147761,167668,88.1,2297.0,137.3,68.61,61.45,76.87,51.29,29.52,79.3,74.24,61.01,0.45,5.77,91.14,45
